{"('0', '0', '0000')": [0, 0, 0, 0], "('0', '0', '0001')": [4.571468635151602, 3.6040582378185757, 3.66411931904966, 3.647253940402819], "('0', '0', '0010')": [4.425352981400422, 3.6754092842626367, 4.775486209745863, 4.754349506722789], "('0', '0', '0011')": [4.556834714445173, 2.932291730073845, 4.81741694150303, 0], "('0', '0', '0100')": [4.6199074219792795, 4.666981273617682, 3.657614605389111, 4.627634989161864], "('0', '0', '0101')": [4.610274546142201, 0, 0, 4.356483410132729], "('0', '0', '0110')": [4.691548930684646, 0, 0, 0], "('0', '0', '0111')": [0, 0, 0, 0], "('0', '0', '1000')": [3.721963686974479, 3.72105985102654, 2.9650758502925427, 4.701618224687261], "('0', '0', '1001')": [3.8502745238918057, 0, 0, 0], "('0', '0', '1010')": [3.436307195187334, 3.3674330908718297, 0, 0], "('0', '0', '1011')": [3.8220235417363617, 0, 0, 0], "('0', '0', '1100')": [0, 0, 0, 0], "('0', '0', '1101')": [3.8390858548958917, 0, 0, 0], "('0', '0', '1110')": [4.177675433333286, 0, 0, 0], "('0', '0', '1111')": [0, 0, 0, 0], "('0', '1', '0000')": [0, 0, 0, 0], "('0', '1', '0001')": [4.555415624858367, 3.7057520706614295, 4.7124797567891985, 4.68430916416608], "('0', '1', '0010')": [4.67076609285696, 3.6500218945017187, 3.714472936213101, 3.648356184970039], "('0', '1', '0011')": [4.688228532468566, 0, 0, 0], "('0', '1', '0100')": [4.480298087979588, 4.653720327060805, 4.681774915829177, 3.615903036173254], "('0', '1', '0101')": [4.713643474730839, 3.8845871882880294, 0, 4.713396231537303], "('0', '1', '0110')": [4.699703095850682, 0, 0, 0], "('0', '1', '0111')": [0, 0, 0, 0], "('0', '1', '1000')": [3.741352231733137, 3.7458493609534202, 4.682083638057384, 3.712229035932748], "('0', '1', '1001')": [3.8084793118315368, 0, 4.653746595160942, 0], "('0', '1', '1010')": [3.423078114223339, 0, 0, 3.483959652348288], "('0', '1', '1011')": [0, 0, 0, 0], "('0', '1', '1100')": [3.8286362858832357, 0, 0, 0], "('0', '1', '1101')": [0, 0, 0, 0], "('0', '1', '1110')": [0, 0, 0, 0], "('0', '1', '1111')": [0, 0, 0, 0], "('0', '-', '0000')": [0, 0, 0, 0], "('0', '-', '0001')": [4.235615260493267, 2.797117068226751, 3.338658420950901, 3.6430357472310644], "('0', '-', '0010')": [4.256506697297506, 2.0177597849076583, 3.6556752015274907, 3.6395893718336136], "('0', '-', '0011')": [0, 0, 0, 0], "('0', '-', '0100')": [4.414742505870326, 4.408872074249109, 3.6585070145364886, 3.6623764917196677], "('0', '-', '0101')": [4.298510833986714, 2.020720180650111, 3.608337132430276, 3.6290217928845756], "('0', '-', '0110')": [4.241222463538535, 0, 3.8314353286988867, 3.6914658448410838], "('0', '-', '0111')": [0, 0, 0, 0], "('0', '-', '1000')": [2.686173955023581, 2.686173955023581, 3.661390137372739, 0], "('0', '-', '1001')": [2.8007751812400734, 0, 0, 0], "('0', '-', '1010')": [2.7974887327225164, 0, 0, 0], "('0', '-', '1011')": [0, 0, 0, 0], "('0', '-', '1100')": [0, 0, 0, 0], "('0', '-', '1101')": [0, 0, 0, 0], "('0', '-', '1110')": [0, 0, 0, 0], "('0', '-', '1111')": [0, 0, 0, 0], "('1', '0', '0000')": [0, 0, 0, 0], "('1', '0', '0001')": [3.2617254485818488, 0, 2.7431611092080805, 0], "('1', '0', '0010')": [3.7153274875156774, 4.793401060374598, 4.778655427581604, 4.764639184780977], "('1', '0', '0011')": [2.9785546438987005, 0, 0, 0], "('1', '0', '0100')": [3.7661828391915284, 3.753739052721778, 2.241287649016177, 4.75607662935318], "('1', '0', '0101')": [1.9959936755808578, 2.7732537987147152, 2.0973200906451157, 2.20427654853412], "('1', '0', '0110')": [3.677346815690169, 0, 4.409778971403133, 4.84404402199128], "('1', '0', '0111')": [3.028273812219247, 0, 0, 0], "('1', '0', '1000')": [4.720197099128277, 4.767895646609116, 2.611036966711524, 4.799737413487852], "('1', '0', '1001')": [4.048296308299028, 0, 0, 2.2275724997675805], "('1', '0', '1010')": [4.805389289795554, 4.337220485445694, 3.8333914483918545, 4.833998503584071], "('1', '0', '1011')": [0, 0, 0, 0], "('1', '0', '1100')": [3.8264389428804684, 0, 0, 0], "('1', '0', '1101')": [0, 0, 0, 0], "('1', '0', '1110')": [0, 0, 0, 4.843726883186101], "('1', '0', '1111')": [3.833879986857483, 0, 0, 0], "('1', '1', '0000')": [0, 0, 0, 0], "('1', '1', '0001')": [3.6918720466689163, 4.531674403647269, 4.886467480317337, 4.859498287358987], "('1', '1', '0010')": [3.596787103431663, 4.643146353620101, 3.5615734296897257, 3.5851673666423673], "('1', '1', '0011')": [0, 0, 0, 0], "('1', '1', '0100')": [3.771060525998836, 3.6665810198247977, 4.641430812827476, 3.507828146407665], "('1', '1', '0101')": [3.4734023517956865, 3.8282661516354524, 4.564243985142042, 0], "('1', '1', '0110')": [3.6776494657326206, 0, 0, 0], "('1', '1', '0111')": [3.1035061791111307, 0, 0, 0], "('1', '1', '1000')": [4.647904958962441, 4.625614720601651, 4.631353553080368, 3.6174969456136132], "('1', '1', '1001')": [4.342305483121903, 4.469505075409807, 0, 0], "('1', '1', '1010')": [4.522369448953499, 0, 4.4560403186009845, 0], "('1', '1', '1011')": [3.814923808864364, 0, 0, 0], "('1', '1', '1100')": [0, 0, 0, 0], "('1', '1', '1101')": [0, 0, 0, 0], "('1', '1', '1110')": [3.8454006474992584, 0, 0, 0], "('1', '1', '1111')": [0, 0, 0, 0], "('1', '-', '0000')": [0, 0, 0, 0], "('1', '-', '0001')": [2.4080819780261487, 4.280725161039598, 2.3484328131454872, 2.4481300079040196], "('1', '-', '0010')": [2.3500099016648552, 4.4563352690577265, 3.510565532258375, 3.587717334879496], "('1', '-', '0011')": [0, 0, 0, 0], "('1', '-', '0100')": [2.475332819746812, 2.2861462082427773, 0, 3.2144337900569786], "('1', '-', '0101')": [2.402442897614575, 4.042435136805609, 0, 0], "('1', '-', '0110')": [2.4525410358007282, 0, 0, 0], "('1', '-', '0111')": [2.355872425221664, 0, 0, 0], "('1', '-', '1000')": [4.3139496169990466, 4.420536201409376, 2.4258601485180056, 3.6337702194753603], "('1', '-', '1001')": [4.309336587554608, 0, 0, 0], "('1', '-', '1010')": [4.389427678960939, 0, 3.8231940580001886, 0], "('1', '-', '1011')": [0, 0, 0, 0], "('1', '-', '1100')": [0, 0, 0, 0], "('1', '-', '1101')": [2.7703106998398686, 0, 0, 0], "('1', '-', '1110')": [3.831752097651405, 0, 0, 0], "('1', '-', '1111')": [0, 0, 0, 0], "('-', '0', '0000')": [0, 0, 0, 0], "('-', '0', '0001')": [3.3440100574614293, 0, 2.5318031789223334, 0], "('-', '0', '0010')": [3.683046922007663, 3.652565012115233, 4.342111826681485, 4.242683214405041], "('-', '0', '0011')": [3.454238067467377, 0, 0, 0], "('-', '0', '0100')": [3.780255838456145, 3.687867140067755, 2.520610817083062, 4.1439119001965], "('-', '0', '0101')": [3.5843061368400306, 0, 0, 4.0711527165807215], "('-', '0', '0110')": [3.3315355651215857, 3.8452711611520565, 4.353710393546945, 0], "('-', '0', '0111')": [0, 0, 0, 0], "('-', '0', '1000')": [3.7119018564248285, 3.6623388376847723, 2.4709246583087627, 4.2702656150448774], "('-', '0', '1001')": [0, 0, 0, 0], "('-', '0', '1010')": [3.294548652778462, 3.7580594083286925, 0, 0], "('-', '0', '1011')": [0, 0, 0, 0], "('-', '0', '1100')": [0, 0, 0, 0], "('-', '0', '1101')": [3.882229591859966, 0, 0, 0], "('-', '0', '1110')": [2.9086160257244154, 0, 0, 0], "('-', '0', '1111')": [0, 0, 0, 0], "('-', '1', '0000')": [0, 0, 0, 0], "('-', '1', '0001')": [3.721740059994459, 3.7495768316698634, 4.188885443365261, 4.150880487812523], "('-', '1', '0010')": [3.699099549394443, 0, 0, 0], "('-', '1', '0011')": [0, 0, 0, 0], "('-', '1', '0100')": [3.7268123691426727, 0, 3.6142980950541803, 2.4332990822957004], "('-', '1', '0101')": [3.6100543911806424, 0, 0, 0], "('-', '1', '0110')": [3.649198351407526, 0, 0, 0], "('-', '1', '0111')": [0, 0, 0, 0], "('-', '1', '1000')": [3.7359328809094654, 3.729271178214322, 3.9269534646236726, 0], "('-', '1', '1001')": [0, 0, 0, 0], "('-', '1', '1010')": [2.6355636871134607, 0, 0, 0], "('-', '1', '1011')": [0, 0, 0, 0], "('-', '1', '1100')": [0, 0, 0, 0], "('-', '1', '1101')": [3.8523329032408937, 0, 0, 0], "('-', '1', '1110')": [0, 0, 0, 0], "('-', '1', '1111')": [0, 0, 0, 0], "('-', '-', '0000')": [0, 0, 0, 0], "('-', '-', '0001')": [0, 0, 0, 0], "('-', '-', '0010')": [0, 0, 0, 0],